<SoftwareType>
<Name>Air Conditioning Unit(AC)</Name>
	<Category>AC</Category>
	<Description>These work better than fans but they cost more to run</Description>
	<Unlock>1988</Unlock>
	<Random>0.7</Random>
	<Categories>
		<Category Name="Small AC Unit">
			<Description>This is the smallest AC Unit you can get.</Description>
			<Popularity>0.6</Popularity>
      <Unlock>1988</Unlock>
			<Retention>0.5</Retention>
			<TimeScale>0.5</TimeScale>
			<Iterative>0.5</Iterative>
			<NameGenerator>fanNames</NameGenerator>
		</Category>
		<Category Name="Medium AC Unit">
			<Description>This is a medium AC Unit.</Description>
			<Unlock>1992</Unlock>
			<Popularity>0.8</Popularity>
			<Retention>0.7</Retention>
			<TimeScale>0.7</TimeScale>
			<Iterative>0.7</Iterative>
			<NameGenerator>fanNames</NameGenerator>
		</Category>
		<Category Name="Big AC Unit">
			<Description>This is a big AC Unit, but you need to be a thriving buisnes to afford to run one of these.</Description>
			<Unlock>1995</Unlock>
			<Popularity>0.7</Popularity>
			<Retention>0.8</Retention>
			<TimeScale>0.9</TimeScale>
			<Iterative>0.8</Iterative>
			<NameGenerator>fanNames</NameGenerator>
		</Category>
	</Categories>
	<OSSpecific>FALSE</OSSpecific>
	<OneClient>FALSE</OneClient>
	<InHouse>FALSE</InHouse>
	<Features>
		<Feature Forced="TRUE">
			<Name>Air conditioning controller</Name>
			<Description>You can control the temperature of your room.</Description>
			<Category>Plastic Work</Category>
			<DevTime>1</DevTime>
			<Innovation>0.3</Innovation>
			<Usability>0.6</Usability>
			<Stability>0.4</Stability>
			<CodeArt>0.7</CodeArt>
			<SoftwareCategory Category="Small AC Unit">0</SoftwareCategory>
			<SoftwareCategory Category="Medium AC Unit">0</SoftwareCategory>
			<SoftwareCategory Category="Big AC Unit">0</SoftwareCategory>
		</Feature>
      <Feature Vital="TRUE">
			<Name>Basic Air Filtering</Name>
			<Description>Your AC Unit will filter better your air.</Description>
			<Category>Filtering</Category>
			<DevTime>2</DevTime>
			<Innovation>0.7</Innovation>
			<Usability>0.7</Usability>
			<Stability>0.4</Stability>
			<CodeArt>1</CodeArt>
			<SoftwareCategory Category="Small AC Unit">1990</SoftwareCategory>
			<SoftwareCategory Category="Medium AC Unit">1994</SoftwareCategory>
			<SoftwareCategory Category="Big AC Unit">1995</SoftwareCategory>
		</Feature>
		<Feature Vital="TRUE" From="Basic Air Filtering">
			<Name>Air Filtering</Name>
			<Description>Your AC Unit will filter better your air.</Description>
			<Category>Filtering</Category>
			<DevTime>2</DevTime>
			<Innovation>0.7</Innovation>
			<Usability>0.7</Usability>
			<Stability>0.4</Stability>
			<CodeArt>1</CodeArt>
			<SoftwareCategory Category="Medium AC Unit">1997</SoftwareCategory>
			<SoftwareCategory Category="Big AC Unit">1997</SoftwareCategory>
		</Feature>
		<Feature Vital="TRUE" Research="Air Filtering">
			<Name>Advanced Air Filtering</Name>
			<Description>Your AC Unit will filter and clean your air.</Description>
			<Category>Filtering</Category>
			<DevTime>3</DevTime>
			<Innovation>0.9</Innovation>
			<Usability>0.9</Usability>
			<Stability>0.7</Stability>
			<CodeArt>1</CodeArt>
			<Unlock>1999</Unlock>
			<SoftwareCategory Category="Big AC Unit">1999</SoftwareCategory>
		</Feature>
	</Features>
</SoftwareType>
