<SoftwareType>
	<Name>Fans</Name>
	<Category>Fans</Category>
	<Description>These are the fans that cool you down not the fans as friends.</Description>
	<Unlock>1970</Unlock>
	<Random>0.6</Random>
	<Categories>
		<Category Name="Small Fan">
			<Description>This is the smallest fan you can get.</Description>
			<Popularity>0.5</Popularity>
			<Retention>0.7</Retention>
			<TimeScale>0.9</TimeScale>
			<Iterative>0.4</Iterative>
			<NameGenerator>fanNames</NameGenerator>
		</Category>
		<Category Name="Medium Fan">
			<Description>This is a medium fan.</Description>
			<Unlock>1985</Unlock>
			<Popularity>0.8</Popularity>
			<Retention>0.7</Retention>
			<TimeScale>0.7</TimeScale>
			<Iterative>0.7</Iterative>
			<NameGenerator>fanNames</NameGenerator>
		</Category>
		<Category Name="Big Fan">
			<Description>This is a big fan.</Description>
			<Unlock>1990</Unlock>
			<Popularity>0.9</Popularity>
			<Retention>0.8</Retention>
			<TimeScale>0.9</TimeScale>
			<Iterative>0.8</Iterative>
			<NameGenerator>fanNames</NameGenerator>
		</Category>
		<Category Name="Sci-Fi Fan">
			<Description>This is a fan from the future<Description>
			<Unlock>2020</Unlock>
			<Popularity>0.9</Popularity>
			<Retention>0.8</Retention>
			<TimeScale>0.9</TimeScale>
			<Iterative>0.8</Iterative>
			<NameGenerator>fanNames</NameGenerator>
       </Category>
	</Categories>
	<OSSpecific>FALSE</OSSpecific>
	<OneClient>FALSE</OneClient>
	<InHouse>FALSE</InHouse>
	<Features>
		<Feature Forced="TRUE">
			<Name>Plastic Housing</Name>
			<Description>This is where you put the parts in to make a fan.</Description>
			<Category>Plastic Work</Category>
			<DevTime>1</DevTime>
			<Innovation>0.3</Innovation>
			<Usability>0.6</Usability>
			<Stability>0.4</Stability>
			<CodeArt>0.7</CodeArt>
			<SoftwareCategory Category="Small Fan">0</SoftwareCategory>
			<SoftwareCategory Category="Medium Fan">0</SoftwareCategory>
			<SoftwareCategory Category="Big Fan">0</SoftwareCategory>
		</Feature>
		<Feature From="Plastic Housing">
			<Name>Metal Housing</Name>
			<Description>This one is better build quality then the plastic one</Description>
			<Category>Metal Work</Category>
			<DevTime>1</DevTime>
			<Innovation>0.5</Innovation>
			<Usability>0.7</Usability>
			<Stability>0.7</Stability>
			<CodeArt>0.8</CodeArt>
			<Unlock>1986</Unlock>
			<SoftwareCategory Category="Small Fan">1986</SoftwareCategory>
			<SoftwareCategory Category="Medium Fan">1986</SoftwareCategory>
			<SoftwareCategory Category="Big Fan">1986</SoftwareCategory>
		</Feature>
		<Feature From="Metal Housing">
			<Name>Titanium Housing</Name>
			<Description>This one is better build quality then the Metal one</Description>
			<Category>Metal Work</Category>
			<DevTime>1</DevTime>
			<Innovation>0.8</Innovation>
			<Usability>0.9</Usability>
			<Stability>0.9</Stability>
			<CodeArt>0.8</CodeArt>
			<SoftwareCategory Category="Medium Fan">1995</SoftwareCategory>
			<SoftwareCategory Category="Big Fan">1995</SoftwareCategory>
		</Feature>
		
		<Feature From="Titanium Housing">
			<Name>Carbon Fiber Housing</Name>
			<Description>This is the best quality you will ever get.</Description>
			<Category>Advanced Metal Work</Category>
			<DevTime>3</DevTime>
			<Innovation>0.9</Innovation>
			<Usability>1</Usability>
			<Stability>0.9</Stability>
			<CodeArt>0.9</CodeArt>
			<SoftwareCategory Category="Medium Fan">2002</SoftwareCategory>
			<SoftwareCategory Category="Big Fan">2004</SoftwareCategory>
		</Feature>

		<Feature Forced="TRUE">
                        <Name>Small Steam Motor</Name>
                        <Description>You can't have a fan without a motor.</Description>
			<Category>Mechanical Work</Category>
                        <DevTime>1</DevTime>
                        <Innovation>0.3</Innovation>
                        <Usability>0.3</Usability>
			<Stability>0.3</Stability>
                        <CodeArt>1</CodeArt>
			<SoftwareCategory Category="Small Fan">1970</SoftwareCategory>
			<SoftwareCategory Category="Medium Fan">1970</SoftwareCategory>
			<SoftwareCategory Category="Big Fan">1970</SoftwareCategory>
		</Feature>
		        <Feature From="Small Steam Motor" Vital="TRUE">
                        <Name>Medium Steam Motor</Name>
                        <Description>A bigger steam motor for your fan.</Description>
			<Category>Mechanical Work</Category>
                        <DevTime>2</DevTime>
                        <Innovation>0.4</Innovation>
                        <Usability>0.4</Usability>
			<Stability>0.3</Stability>
                        <CodeArt>1</CodeArt>
			<SoftwareCategory Category="Small Fan">1972</SoftwareCategory>
			<SoftwareCategory Category="Medium Fan">1972</SoftwareCategory>
			<SoftwareCategory Category="Big Fan">1972</SoftwareCategory>
		</Feature>
		        <Feature From="Medium Steam Motor" Vital="TRUE">
                        <Name>Big Steam Motor</Name>
                        <Description>A even bigger steam motor for your fan.</Description>
			<Category>Mechanical Work</Category>
                        <DevTime>3</DevTime>
                        <Innovation>0.6</Innovation>
                        <Usability>0.6</Usability>
			<Stability>0.4</Stability>
                         <CodeArt>1</CodeArt>
			<SoftwareCategory Category="Small Fan">1974</SoftwareCategory>
			<SoftwareCategory Category="Medium Fan">1975</SoftwareCategory>
			<SoftwareCategory Category="Big Fan">1977</SoftwareCategory>
		</Feature>
		<Feature From="Big Steam Motor" Vital="TRUE">
                        <Name>Small Electric Motor</Name>
                        <Description>You can't have a fan without an electric motor.</Description>
			<Category>Electronic Work</Category>
                        <DevTime>1</DevTime>
                        <Innovation>0.7</Innovation>
                        <Usability>0.7</Usability>
			<Stability>0.7</Stability>
                        <CodeArt>1</CodeArt>
			<SoftwareCategory Category="Small Fan">1980</SoftwareCategory>
			<SoftwareCategory Category="Medium Fan">1980</SoftwareCategory>
			<SoftwareCategory Category="Big Fan">1980</SoftwareCategory>
		</Feature>
		<Feature From="Small Electric Motor">
                        <Name>Medium Electric Motor</Name>
                        <Description>A fan with a bigger fan means your face will be more cool.</Description>
			<Category>Electronic Work</Category>
                        <DevTime>2</DevTime>
                        <Innovation>1.0</Innovation>
                        <Usability>0.9</Usability>
  		        <Stability>0.9</Stability>
    	                <CodeArt>1</CodeArt>
			<SoftwareCategory Category="Medium Fan">1984</SoftwareCategory>
			<SoftwareCategory Category="Big Fan">1984</SoftwareCategory>
		</Feature>
		<Feature From="Medium Electric Motor">
                        <Name>Big Electric Motor</Name>
                        <Description>A fan with a big motor? How powerful is this?!?</Description>
			<Category>Electronic Work</Category>
                        <DevTime>4</DevTime>
                        <Innovation>1.1</Innovation>
    	                <Usability>0.9</Usability>
                        <Stability>1.4</Stability>
                        <CodeArt>1</CodeArt>
			<SoftwareCategory Category="Big Fan">1988</SoftwareCategory>
			<Dependency Software="Fans">Medium Electric Motor</Dependency>
		</Feature>
		<Feature From="Big Electric Motor">
	                <Name>XL Electric Motor</Name>
	                <Description>A fan with a XL motor? How much more powerful is this?!?</Description>
			<Category>Advanced Electronic Work</Category>
                        <DevTime>4</DevTime>
                        <Innovation>1.3</Innovation>
			<Usability>1.1</Usability>
                        <Stability>1.6</Stability>
			<CodeArt>1</CodeArt>
			<SoftwareCategory Category="Big Fan">1992</SoftwareCategory>
			<Dependency Software="Fans">Big Electric Motor</Dependency>
		</Feature>
		<Feature>
                         <Name>Silent Electric Motor</Name>
                         <Description>A fan that doesn't make noise.</Description>
			 <Category>Electronic Work</Category>
                         <DevTime>5</DevTime>
                         <Innovation>1.2</Innovation>
                         <Usability>1.4</Usability>
                         <Stability>0.9</Stability>
                         <CodeArt>1</CodeArt>
			 <SoftwareCategory Category="Big Fan">1993</SoftwareCategory>
			 <Dependency Software="Fans">Medium Electric Motor</Dependency>
		</Feature>
		
		<Feature from="XL Electric Motor">
                         <Name>Small Magnetic Motor </Name>
                         <Description>A fan that doesn't make noise and dose not need any electricity to run. </Description>
			 <Category>Electronic Work</Category>
                         <DevTime>5</DevTime>
                         <Innovation>1.2</Innovation>
                         <Usability>1.4</Usability>
                         <Stability>0.9</Stability>
                         <CodeArt>1</CodeArt>
			 <SoftwareCategory Category="Sci-Fi Fan">1993</SoftwareCategory>
		</Feature>

		<Feature Forced="TRUE">
			<Name>Plastic Blade</Name>
			<Description>You would be boiling without this!</Description>
			<Category>Plastic Work</Category>
			<DevTime>1</DevTime>
			<Innovation>0.4</Innovation>
			<Usability>1</Usability>
			<Stability>1</Stability>
			<CodeArt>0.4</CodeArt>
			<SoftwareCategory Category="Small Fan">0</SoftwareCategory>
			<SoftwareCategory Category="Medium Fan">0</SoftwareCategory>
			<SoftwareCategory Category="Big Fan">0</SoftwareCategory>
		</Feature>
		<Feature From="Plastic Blade">
			<Name>Metal Blade</Name>
			<Description>Its got a bigger surface area so it will blow more air on your face.</Description>
			<Category>Metal Work</Category>
			<DevTime>2</DevTime>
			<Innovation>0.6</Innovation>
			<Usability>0.6</Usability>
			<Stability>0.7</Stability>
			<CodeArt>0.7</CodeArt>
			<SoftwareCategory Category="Small Fan">1984</SoftwareCategory>
			<SoftwareCategory Category="Medium Fan">1984</SoftwareCategory>
			<SoftwareCategory Category="Big Fan">1984</SoftwareCategory>
		</Feature>
		<Feature From="Metal Blade">
			<Name>Titanium Blade</Name>
			<Description>This blade is lighter then the metal so it will spin faster.</Description>
			<Category>Metal Work</Category>
			<DevTime>3</DevTime>
			<Innovation>1</Innovation>
			<Usability>0.8</Usability>
			<Stability>0.9</Stability>
			<CodeArt>0.4</CodeArt>
			<SoftwareCategory Category="Medium Fan">1989</SoftwareCategory>
			<SoftwareCategory Category="Big Fan">1989</SoftwareCategory>
		</Feature>
      <Feature From="Titanium Blade">
			<Name>Carbon fiber Blade</Name>
			<Description>This blade is lighter then the Titanuim so it will spin alot faster.</Description>
			<Category>Metal Work</Category>
			<DevTime>4</DevTime>
			<Innovation>1.4</Innovation>
			<Usability>1.5</Usability>
			<Stability>0.9</Stability>
			<CodeArt>0.3</CodeArt>
			<SoftwareCategory Category="Medium Fan">1998</SoftwareCategory>
			<SoftwareCategory Category="Big Fan">1999</SoftwareCategory>
		</Feature>

		<Feature Forced="TRUE">
			<Name>Basic Speed Controller</Name>
			<Description>This controller will let you control your fan with 3 different velocities.</Description>
			<Category>Plastic Work</Category>
			<DevTime>1</DevTime>
			<Innovation>0.3</Innovation>
			<Usability>0.3</Usability>
			<Stability>0.9</Stability>
			<CodeArt>0.4</CodeArt>
			<SoftwareCategory Category="Small Fan">1983</SoftwareCategory>
			<SoftwareCategory Category="Medium Fan">1983</SoftwareCategory>
			<SoftwareCategory Category="Big Fan">1983</SoftwareCategory>
		</Feature>
		<Feature From="Basic Speed Controller">
			<Name>Speed Controller</Name>
			<Description>This controller will let you control your fan with 5 different velocities.</Description>
			<Category>Plastic Work</Category>
			<DevTime>2</DevTime>
			<Innovation>0.5</Innovation>
			<Usability>0.5</Usability>
			<Stability>0.7</Stability>
			<CodeArt>0.6</CodeArt>
			<SoftwareCategory Category="Small Fan">1986</SoftwareCategory>
			<SoftwareCategory Category="Medium Fan">1986</SoftwareCategory>
			<SoftwareCategory Category="Big Fan">1986</SoftwareCategory>
		</Feature>
		<Feature From="Speed Controller">
			<Name>Advanced Speed Controller</Name>
			<Description>This controller will let you control your fan with 12 different velocities! WOW!</Description>
			<Category>Plastic Work</Category>
			<DevTime>4</DevTime>
			<Innovation>0.9</Innovation>
			<Usability>0.9</Usability>
			<Stability>0.4</Stability>
			<CodeArt>0.8</CodeArt>
			<SoftwareCategory Category="Small Fan">1990</SoftwareCategory>
			<SoftwareCategory Category="Medium Fan">1990</SoftwareCategory>
			<SoftwareCategory Category="Big Fan">1990</SoftwareCategory>
		</Feature>
                <Feature From="Advanced Speed Controller">
			<Name>Basic LCD Display</Name>
			<Description>You can change the speed only</Description>
			<Category>Electronic Work</Category>
			<DevTime>5.5</DevTime>
			<Innovation>1</Innovation>
			<Usability>1</Usability>
			<Stability>1.3</Stability>
			<CodeArt>0.3</CodeArt>
			<SoftwareCategory Category="Small Fan">1999</SoftwareCategory>
			<SoftwareCategory Category="Medium Fan">2001</SoftwareCategory>
			<SoftwareCategory Category="Big Fan">2003</SoftwareCategory>
		</Feature>
		<Feature From="Basic LCD Display">
			<Name>LCD Display</Name>
			<Description>You can change the speed and the settings only</Description>
			<Category>Electronic Work</Category>
			<DevTime>7</DevTime>
			<Innovation>1.5</Innovation>
			<Usability>1.4</Usability>
			<Stability>1.6</Stability>
			<CodeArt>0.3</CodeArt>
			<SoftwareCategory Category="Medium Fan">2005</SoftwareCategory>
			<SoftwareCategory Category="Big Fan">2008</SoftwareCategory>
		</Feature>
		<Feature From="LCD Display">
			<Name>Advanced LCD Display</Name>
			<Description>You can go on anything you want including the internet</Description>
			<Category>Plastic Work</Category>
			<DevTime>8.5</DevTime>
			<Innovation>1.8</Innovation>
			<Usability>1.8</Usability>
			<Stability>1.9</Stability>
			<CodeArt>0.2</CodeArt>
			<Server>1.5</Server>
			<SoftwareCategory Category="Medium Fan">2013</SoftwareCategory>
			<SoftwareCategory Category="Big Fan">2014</SoftwareCategory>
		</Feature>
		<Feature From="Advanced LCD Display">
			<Name>Super Advanced LCD Display</Name>
			<Description>You can go on anything you want including the internet with higher bandwith</Description>
			<Category>Plastic Work</Category>
			<DevTime>10</DevTime>
			<Innovation>2.4</Innovation>
			<Usability>2.6</Usability>
			<Stability>2.9</Stability>
			<CodeArt>0.15</CodeArt>
			<Server>9</Server>
			<SoftwareCategory Category="Big Fan">2017</SoftwareCategory>
		</Feature>
		<Feature Vital="TRUE">
			<Name>80 PLUS Efficiency</Name>
			<Description>Your fan is power efficient.</Description>
			<Category>Power Management</Category>
			<DevTime>1</DevTime>
			<Innovation>0.3</Innovation>
			<Usability>0.7</Usability>
			<Stability>0.6</Stability>
			<CodeArt>1</CodeArt>
			<SoftwareCategory Category="Small Fan">1984</SoftwareCategory>
			<SoftwareCategory Category="Medium Fan">1984</SoftwareCategory>
			<SoftwareCategory Category="Big Fan">1984</SoftwareCategory>
		</Feature>
		<Feature Vital="TRUE" From="80 PLUS Efficiency">
			<Name>80 PLUS Bronze</Name>
			<Description>Your fan is more power efficient.</Description>
			<Category>Power Management</Category>
			<DevTime>2</DevTime>
			<Innovation>0.4</Innovation>
			<Usability>0.8</Usability>
			<Stability>1.0</Stability>
			<CodeArt>1</CodeArt>
			<SoftwareCategory Category="Small Fan">1987</SoftwareCategory>
			<SoftwareCategory Category="Medium Fan">1987</SoftwareCategory>
			<SoftwareCategory Category="Big Fan">1987</SoftwareCategory>
		</Feature>
		<Feature Vital="TRUE" From="80 PLUS Bronze">
			<Name>80 PLUS Silver</Name>
			<Description>Your fan is more power efficient.</Description>
			<Category>Power Management</Category>
			<DevTime>3</DevTime>
			<Innovation>0.5</Innovation>
			<Usability>1.0</Usability>
			<Stability>1.2</Stability>
			<CodeArt>1</CodeArt>
			<SoftwareCategory Category="Small Fan">1990</SoftwareCategory>
			<SoftwareCategory Category="Medium Fan">1990</SoftwareCategory>
			<SoftwareCategory Category="Big Fan">1990</SoftwareCategory>
		</Feature>
		<Feature Vital="TRUE" From="80 PLUS Silver">
			<Name>80 PLUS Gold</Name>
			<Description>Your fan is more power efficient.</Description>
			<Category>Power Management</Category>
			<DevTime>4</DevTime>
			<Innovation>0.6</Innovation>
			<Usability>1.2</Usability>
			<Stability>1.4</Stability>
			<CodeArt>1</CodeArt>
			<SoftwareCategory Category="Small Fan">1993</SoftwareCategory>
			<SoftwareCategory Category="Medium Fan">1993</SoftwareCategory>
			<SoftwareCategory Category="Big Fan">1993</SoftwareCategory>
		</Feature>
		<Feature Vital="TRUE" From="80 PLUS Gold">
			<Name>80 PLUS Platinum</Name>
			<Description>Your fan is more power efficient.</Description>
			<Category>Power Management</Category>
			<DevTime>5</DevTime>
			<Innovation>0.8</Innovation>
			<Usability>1.4</Usability>
			<Stability>1.6</Stability>
			<CodeArt>1</CodeArt>
			<SoftwareCategory Category="Small Fan">1995</SoftwareCategory>
			<SoftwareCategory Category="Medium Fan">1995</SoftwareCategory>
			<SoftwareCategory Category="Big Fan">1995</SoftwareCategory>
		</Feature>
		<Feature Vital="TRUE" From="80 PLUS Platinum">
			<Name>80 PLUS Titanium</Name>
			<Description>Your fan is more power efficient.</Description>
			<Category>Power Management</Category>
			<DevTime>6</DevTime>
			<Innovation>1.1</Innovation>
			<Usability>1.6</Usability>
			<Stability>1.8</Stability>
			<CodeArt>1</CodeArt>
			<SoftwareCategory Category="Small Fan">1999</SoftwareCategory>
			<SoftwareCategory Category="Medium Fan">1999</SoftwareCategory>
			<SoftwareCategory Category="Big Fan">1999</SoftwareCategory>
		</Feature>
		
		<Feature>
			<Name>Basic Radio</Name>
			<Description>You can listen to AM radio while at work</Description>
			<Category>Radio & Electronic work</Category>
			<DevTime>1.5</DevTime>
			<Usability>1.7</Usability>
			<Innovation>1.9</Innovation>
			<Stability>1.9</Stability>
			<CodeArt>1</CodeArt>
			<SoftwareCategory Category="Small Fan">2000</SoftwareCategory>
			<SoftwareCategory Category="Medium Fan">2003</SoftwareCategory>
			<SoftwareCategory Category="Big Fan">2004</SoftwareCategory>
		</Feature>
		
		<Feature From="Basic Radio">
			<Name>Radio</Name>
			<Description>You can listen to FM & AM radio while at work</Description>
			<Category>Radio & Electronic work</Category>
			<DevTime>2.3</DevTime>
			<Usability>1.1</Usability>
			<Innovation>2.6</Innovation>
			<Stability>2.3</Stability>
			<CodeArt>1</CodeArt>
			<SoftwareCategory Category="Medium Fan">2008</SoftwareCategory>
			<SoftwareCategory Category="Big Fan">2012</SoftwareCategory>
		</Feature>
		
		<Feature From="Radio">
			<Name>Advanced Radio</Name>
			<Description>You can listen to FM, AM & DAB radio while at work</Description>
			<Category>Radio & Electronic work</Category>
			<DevTime>3.5</DevTime>
			<Usability>3.7</Usability>
			<Innovation>2.9</Innovation>
			<Stability>4.9</Stability>
			<CodeArt>1</CodeArt>
			<SoftwareCategory Category="Medium Fan">2017</SoftwareCategory>
			<SoftwareCategory Category="Big Fan">2018</SoftwareCategory>
		</Feature>

		<Feature Vital="TRUE">
			<Name>Fan AI</Name>
			<Description>Your fan will turn on if you are in the room, and off if you exit.</Description>
			<Category>Artificial Intelligence</Category>
			<DevTime>6</DevTime>
			<Innovation>1.5</Innovation>
			<Usability>1.6</Usability>
			<Stability>1.0</Stability>
			<CodeArt>1</CodeArt>
			<SoftwareCategory Category="Small Fan">2005</SoftwareCategory>
			<SoftwareCategory Category="Medium Fan">2005</SoftwareCategory>
			<SoftwareCategory Category="Big Fan">2005</SoftwareCategory>
		</Feature>
		<Feature Vital="TRUE" Research="Fan AI">
			<Name>Advanced Fan AI</Name>
			<Description>Your fan will turn on if you are in the room, and off if you exit. But now it has less false errors.</Description>
			<Category>Artificial Intelligence</Category>
			<DevTime>9</DevTime>
			<Innovation>2.0</Innovation>
			<Usability>2.2</Usability>
			<Stability>2.0</Stability>
			<CodeArt>1</CodeArt>
			<SoftwareCategory Category="Small Fan">2010</SoftwareCategory>
			<SoftwareCategory Category="Medium Fan">2010</SoftwareCategory>
			<SoftwareCategory Category="Big Fan">2010</SoftwareCategory>
		</Feature>
    <Feature Vital="TRUE">
			<Name>Manual Firmware Update</Name>
			<Description>You have to manualy plug it into to the computer then it will tell you what to do.</Description>
			<Category>IT</Category>
			<DevTime>5</DevTime>
			<Innovation>1.5</Innovation>
			<Usability>1.3</Usability>
			<Stability>1.5</Stability>
			<CodeArt>1</CodeArt>
			<SoftwareCategory Category="Small Fan">1998</SoftwareCategory>
			<SoftwareCategory Category="Medium Fan">1999</SoftwareCategory>
			<SoftwareCategory Category="Big Fan">2000</SoftwareCategory>
		</Feature>
		<Feature Vital="TRUE" From="Manual Firmware Update">
			<Name>Automatic Firmware Update</Name>
			<Description>Your fan will update by itself.</Description>
			<Category>IT</Category>
			<DevTime>9</DevTime>
			<Innovation>2.0</Innovation>
			<Usability>2.2</Usability>
			<Stability>2.0</Stability>
			<CodeArt>1</CodeArt>
			<Server>0.0058</Server>
			<SoftwareCategory Category="Small Fan">2005</SoftwareCategory>
			<SoftwareCategory Category="Medium Fan">2007</SoftwareCategory>
			<SoftwareCategory Category="Big Fan">2009</SoftwareCategory>
		</Feature>
	</Features>
</SoftwareType>
